"transaction_id","wallet_id","destination_id","amount"
"DPVkQZMNvsR4xP8mhiC64CUHUgKvdJMMDEuXNDq8C742KKMoeMDYpqTBq5mkX3Dhn5RbdMN8EjMpxFfJVvwHGQy","4ZX4kP1tSQVkwX8K88j8MonnMk6Y9ufK2aGF9XyhWsfD","Cs8Zv6R69x1XHUfzxYUEgvKbFatzUHVxrmZ55ywhd18Y",4.99994
"64dujGKcYediBqZSwcqKxj3uYdDqGKm7nYUWrkairntA6xw3ncB8ASbxRUjucsPX771dDtaiNBmptLfabfNiGmUs","F9WFjLnXr4jrM4TfEmkKCdvvcT3iMxqvumHV9nPp74T2","4ZX4kP1tSQVkwX8K88j8MonnMk6Y9ufK2aGF9XyhWsfD",2.999955
"2Dnc6mzgNDazuGfKhdMq8NuNDV9fENKjmXaBwiQkWRyGu6hvNe2DyFaEJdTmBfixPeVrUCh6zE85XxZpmSEKNrQZ","4Ssquq27mNeV7ZEv4TGqRwX1ZyTH7doYdXWiWG1fmpXv","4ZX4kP1tSQVkwX8K88j8MonnMk6Y9ufK2aGF9XyhWsfD",2
"4B4k1z2NxzgMsU881ommdp17xhQ9wJgNwMZyCn7b8GVxdNchrEUWoEvEqqp1UrNkCohmZE2BPHQvYNnZgFbyxxTG","FrXkCqW1xWTN48KVfh4zxsLhGVmNwaKDnwqqmVnX4BFM","4Ssquq27mNeV7ZEv4TGqRwX1ZyTH7doYdXWiWG1fmpXv",1.5
"4vzVjHVHKY5tSrZJaK9FBV3KCqeg6TpgGGh9V4w1WA6UKg3Wr9cTjAPVxtJCwAwccbguwPirETaxEN7En2JJViLk","F9WFjLnXr4jrM4TfEmkKCdvvcT3iMxqvumHV9nPp74T2","4Ssquq27mNeV7ZEv4TGqRwX1ZyTH7doYdXWiWG1fmpXv",1
"4oU2gmVeHeBUPEreTv9Vz3CPbKWCLT8owhNwgExexe5Z3GRHyEboQ3vGLxvkqqKMLPP1MgNPMbnqpHZ1GtYXYKPm","8Z5LNmaodEfHhZ728jJYVEakg3t3vth1aDZdzjjYrm9t","F9WFjLnXr4jrM4TfEmkKCdvvcT3iMxqvumHV9nPp74T2",1
"2eC4vgaxkeVYgqjRP7zKixwkSUGnnt4USi259XPXi1HyPYPUKiqrKppCJzM8aU8e19qa8zXJU2i5JwJuJkmpetsA","F9WFjLnXr4jrM4TfEmkKCdvvcT3iMxqvumHV9nPp74T2","FrXkCqW1xWTN48KVfh4zxsLhGVmNwaKDnwqqmVnX4BFM",2
"2AfWndv4zrMqSDU33PbmTDNJxaRmZMaGCNtKqZhAPXKaQTwgangW3apBaCufjVQq1LNvgxx55QyZGumNLUjAHeri","Hw3zHKuqLDCjwDE5KpFGJZ9voZhUs2Yrj7kNkvk3b5xh","EnLqopWBT7R7qDZdQ1zugBEtzbTYLhRdcKwjYmb5YxWy",0.89997
"4XBt5xa1eHcTUX6i5PRfLkFvRvLgBD8KGRAZ4NM1xksk3tXNHjw9mvP2Van7xgtC9tsQ8WwMmq1TRsxLbBPyZ6ey","Hw3zHKuqLDCjwDE5KpFGJZ9voZhUs2Yrj7kNkvk3b5xh","5RyyHLY6kXZdeqpkRykpCAYFXrWtJphnon7TcASQSDXM",0.1
"4x2Z2j3hZwt6mWTjcr5F7emNhGwk56Zr1vXjaKDAVDaEQVj2akCTNt46xCuCTEmDiiFLmCvC9JHaSMoAGY9pn6Q","Cs8Zv6R69x1XHUfzxYUEgvKbFatzUHVxrmZ55ywhd18Y","Hw3zHKuqLDCjwDE5KpFGJZ9voZhUs2Yrj7kNkvk3b5xh",1
"4BHLMWy7QXWWo6PFaGgyi9gNJHwHqHctW3gKA8MMjckk1j8BmRgfNxNd463QxaSfYZ9uBroSkSpA9ezefhsuyH3E","Cs8Zv6R69x1XHUfzxYUEgvKbFatzUHVxrmZ55ywhd18Y","EnLqopWBT7R7qDZdQ1zugBEtzbTYLhRdcKwjYmb5YxWy",1
"jaZri6434zcY6zQnQjkAK1eox8qFde6cMTGwnFcgMBwxi9LosNE5nxfHv3jZLyJHTVw8BDGPzNiBrQ8L7PnmHwR","Cs8Zv6R69x1XHUfzxYUEgvKbFatzUHVxrmZ55ywhd18Y","5RyyHLY6kXZdeqpkRykpCAYFXrWtJphnon7TcASQSDXM",1
"2tEUS89AX7VPouptoZBqsyHvjVMd43FKXq14kDb59nos6kx4Pjwp9MevudWxA7Wz5KVycdDM1hoPYS74ZAeCyYJ6","5RyyHLY6kXZdeqpkRykpCAYFXrWtJphnon7TcASQSDXM","EnLqopWBT7R7qDZdQ1zugBEtzbTYLhRdcKwjYmb5YxWy",1.099985
"2SgurJUbQh7EoLuegKNh4E55e9dWGSCJagDQ7iJiYNjccnQASHY7P13BeCmnFUscjjoZtaRc97G1Sy6tbRm6Bn2V","EnLqopWBT7R7qDZdQ1zugBEtzbTYLhRdcKwjYmb5YxWy","8orphvwRXbKtByCxCv6qFu5CavhjCW2G1Zkwo5pYXxxL",2.99994
"3C37rWgUcT5cFXXKHUYzdQbmAYhLWJ2R4HYNy5WkLcj4fhzjiiH9ZiiYDWmmrayG28bcQsG3mWPAreq7cHjHvHfY","eGpSdj61jGKA8wLNUMKTk9WBqgZwKYzRrYDqBMGFTa4","8orphvwRXbKtByCxCv6qFu5CavhjCW2G1Zkwo5pYXxxL",2.999895
"2M4a6rAdWi5KuUTqHKrXn1HZ2GA2gZb9Jhy3k7tqeXgdYHEe98gYsMrWz85pfTKjyeYBDdKvvcin94AhziNmEX1g","DyA4QgCxUVU6NQTHELXPA7eiPPjN1g517bHgY2HVFYeD","eGpSdj61jGKA8wLNUMKTk9WBqgZwKYzRrYDqBMGFTa4",2.99991
"49X17sCiVMQJfEMJhdnskFHJkQDefHzDVB9yc7cfGxCVRLhKKxUZYnr6YFo1oEJ5R2w6JMK88U4rxuZtCjUpULBJ","8orphvwRXbKtByCxCv6qFu5CavhjCW2G1Zkwo5pYXxxL","DyA4QgCxUVU6NQTHELXPA7eiPPjN1g517bHgY2HVFYeD",2.999925
"4jwoZ2Y55q5MT6ZhoEmXqEHvbfLuPzedqqHTzmw2t76nsd5f79VGkqK3FinKCBzLgYBkukHyrQahN2pUQKmpv3qe","Hw3zHKuqLDCjwDE5KpFGJZ9voZhUs2Yrj7kNkvk3b5xh","HB18JaJq3i6pMTvwLTa3m8EBVR6waJXioD8mGU2jM5zQ",2
"5KDYEx3g4unSCfFngK5r7GnUWBVhT7twgu8nqj5C4BXiZwi57bai5QqsmN3prLGGZ5aCHfmATTJfPpHnaZh77u56","HB18JaJq3i6pMTvwLTa3m8EBVR6waJXioD8mGU2jM5zQ","54Mz96SZku1x1ZFvLd6k4vGtzcYZ7V5E3apajMgEeLEt",1
"3t7a7gwFk8VQio8ZYPrZgHnFbovJGCnHahNSuZ9kFc4nKEUxu2w2YG6GV2VnPXbpxBKjNXkE8qXZVhXy6mpiifJ4","54Mz96SZku1x1ZFvLd6k4vGtzcYZ7V5E3apajMgEeLEt","57RfaaKpP3TuKiQyNKetZUdRRdyDyJxoDmwLgBPTKsvy",0.89997
"bvhVWvtTspRhC8gFS6XBBA7rfsRr2syubwxf8mf1qB22qBiU8FSGNHHSJxMKYah8fgfAe1VbhRJF8kh4kQsACL4","6RHohEuV9oqVLTfi77Ye7AnmtXWiCJSMhsQxi5fUvjbJ","57RfaaKpP3TuKiQyNKetZUdRRdyDyJxoDmwLgBPTKsvy",1.099955
"2fMhCyStwrfXY7qvZYtsEPZUB1m5m4EaBsZdJsrZGRgExMB7KefHhUfmP3zAptTK9hR5dP8oXg2o51FpvpwrzgM8","HB18JaJq3i6pMTvwLTa3m8EBVR6waJXioD8mGU2jM5zQ","6RHohEuV9oqVLTfi77Ye7AnmtXWiCJSMhsQxi5fUvjbJ",0.99997
"2VLrkkGiXwhS5yaZ7nKTyh3oW9axtxzvtVunNnqxELpVjTnP14by9g5zEDvAEnhYe9xzD9iNY7tvrcjK8PGT639g","54Mz96SZku1x1ZFvLd6k4vGtzcYZ7V5E3apajMgEeLEt","6RHohEuV9oqVLTfi77Ye7AnmtXWiCJSMhsQxi5fUvjbJ",0.1